issue,commenter
117,joelnitta
117,joelnitta
116,choess
116,joelnitta
116,joelnitta
114,leonperrie
114,leonperrie
114,joelnitta
114,gonggashan88
114,joelnitta
114,joelnitta
114,joelnitta
113,joelnitta
113,joelnitta
113,joelnitta
112,Libor-Ekrt
112,leonperrie
112,Kraichgauer
112,gonggashan88
112,Kraichgauer
112,gonggashan88
112,Libor-Ekrt
112,apprenti-sorcier
112,joelnitta
111,joelnitta
111,joelnitta
108,choess
108,susanfawcett
108,joelnitta
108,joelnitta
107,choess
107,joelnitta
107,joelnitta
107,joelnitta
106,choess
106,danieltejero54
106,joelnitta
103,joelnitta
103,joelnitta
102,joelnitta
102,joelnitta
101,joelnitta
101,joelnitta
101,MichaelKessler979
101,joelnitta
101,algrusz
101,susanfawcett
101,algrusz
101,joelnitta
99,crothfels
99,vaganovav
99,joelnitta
99,vaganovav
99,joelnitta
99,joelnitta
98,joelnitta
98,joelnitta
97,joelnitta
97,joelnitta
95,algrusz
95,LRegaladoG
95,algrusz
95,joelnitta
95,joelnitta
95,LRegaladoG
95,joelnitta
94,Germinal-ROUHAN
94,khorikhori
94,joelnitta
94,joelnitta
94,joelnitta
93,khorikhori
93,gonggashan88
93,khorikhori
93,joelnitta
93,joelnitta
92,joelnitta
92,khorikhori
92,schwartsburd
92,gonggashan88
92,apprenti-sorcier
92,PeterDBostock
92,jeffprado01
92,susanfawcett
92,gonggashan88
92,apprenti-sorcier
92,PeterDBostock
92,joelnitta
92,joelnitta
92,gonggashan88
92,joelnitta
92,crothfels
92,jeffprado01
92,joelnitta
87,SchneiderHarald
87,htuom
87,gonggashan88
87,algrusz
87,joelnitta
87,joelnitta
86,choess
86,SchneiderHarald
86,crothfels
86,choess
86,msundue
86,gonggashan88
86,apprenti-sorcier
86,gonggashan88
86,algrusz
86,joelnitta
86,apprenti-sorcier
86,joelnitta
85,joelnitta
85,msundue
85,joelnitta
85,SchneiderHarald
85,htuom
85,msundue
85,joelnitta
85,joelnitta
82,susanfawcett
82,joelnitta
82,choess
82,joelnitta
82,htuom
82,joelnitta
82,SchneiderHarald
82,joelnitta
81,gonggashan88
81,sach2010d
81,joelnitta
81,htuom
81,sach2010d
81,joelnitta
81,SchneiderHarald
80,SchneiderHarald
80,leonperrie
80,joelnitta
80,joelnitta
76,EdgarJRincon
76,joelnitta
76,joelnitta
75,wtesto
75,DrAshleyField
75,EdgarJRincon
75,gonggashan88
75,msundue
75,DrAshleyField
75,gonggashan88
75,joelnitta
74,joelnitta
74,gonggashan88
74,joelnitta
74,joelnitta
73,leonperrie
73,gonggashan88
73,leonperrie
73,gonggashan88
73,joelnitta
72,joelnitta
72,joelnitta
71,khorikhori
71,joelnitta
71,joelnitta
69,gonggashan88
69,leonperrie
69,gonggashan88
69,htuom
69,joelnitta
68,joelnitta
68,joelnitta
67,joelnitta
67,joelnitta
67,joelnitta
66,joelnitta
66,crothfels
66,khorikhori
66,gonggashan88
66,joelnitta
66,joelnitta
65,joelnitta
65,leonperrie
65,lykuofern
65,choess
65,lykuofern
65,crothfels
65,joelnitta
65,joelnitta
64,gyatskievych
64,crothfels
64,joelnitta
64,joelnitta
64,joelnitta
62,joelnitta
62,joelnitta
61,joelnitta
61,joelnitta
60,joelnitta
60,joelnitta
59,joelnitta
59,joelnitta
58,joelnitta
58,joelnitta
57,joelnitta
57,joelnitta
56,joelnitta
56,joelnitta
55,joelnitta
55,joelnitta
52,joelnitta
52,joelnitta
51,joelnitta
51,joelnitta
50,khorikhori
50,crothfels
50,khorikhori
50,joelnitta
50,joelnitta
49,joelnitta
49,joelnitta
48,SchneiderHarald
48,joelnitta
48,joelnitta
47,gonggashan88
47,weiran007
47,SchneiderHarald
47,joelnitta
47,joelnitta
46,joelnitta
46,SchneiderHarald
46,joelnitta
46,joelnitta
44,SchneiderHarald
44,joelnitta
42,MoniPonce
42,SchneiderHarald
42,joelnitta
41,gyatskievych
41,MoniPonce
41,MoniPonce
41,joelnitta
40,joelnitta
40,joelnitta
40,joelnitta
39,crothfels
39,gyatskievych
39,joelnitta
39,joelnitta
39,MoniPonce
39,tomaranker
39,tomaranker
39,MoniPonce
39,crothfels
39,MoniPonce
39,crothfels
39,joelnitta
38,schwartsburd
38,joelnitta
38,joelnitta
35,joelnitta
35,joelnitta
34,joelnitta
34,joelnitta
33,joelnitta
33,joelnitta
32,crothfels
32,joelnitta
32,joelnitta
31,schwartsburd
31,joelnitta
31,joelnitta
28,wtesto
28,leonperrie
28,joelnitta
27,joelnitta
27,joelnitta
26,joelnitta
25,joelnitta
21,schwartsburd
21,joelnitta
21,susanfawcett
21,schwartsburd
21,schwartsburd
21,susanfawcett
21,joelnitta
21,joelnitta
21,joelnitta
18,joelnitta
18,joelnitta
17,joelnitta
17,joelnitta
15,joelnitta
15,joelnitta
14,bendauphin
14,WDHauk23
14,joelnitta
14,joelnitta
12,joelnitta
12,joelnitta
10,schwartsburd
10,joelnitta
10,joelnitta
10,joelnitta
9,susanfawcett
9,gyatskievych
9,susanfawcett
9,gyatskievych
9,choess
9,susanfawcett
9,joelnitta
9,joelnitta
9,joelnitta
6,alanweakley
6,schwartsburd
6,joelnitta
6,joelnitta
5,msbarkerAZ
5,joelnitta
5,joelnitta
4,schwartsburd
4,joelnitta
4,joelnitta
2,Ivan-Valdespino
2,DanieleCicuzza
2,joelnitta
2,joelnitta
